City_ID,City,Lat,Lng,Max Temp,Humidity,Cloudiness,Wind Speed,Current Description,Country,Date
0,Rikitea,-23.1203,-134.9692,75.9,74,99,16.17,overcast clouds,PF,2021-12-11 20:19:04
1,Victoria,22.2855,114.1577,68.32,87,0,3.0,clear sky,HK,2021-12-11 20:14:15
2,Sao Felix Do Xingu,-6.6447,-51.995,78.78,94,100,1.9,overcast clouds,BR,2021-12-11 20:19:04
3,Kodinsk,58.6881,99.1844,19.18,92,100,7.4,overcast clouds,RU,2021-12-11 20:19:04
4,Iqaluit,63.7506,-68.5145,-11.31,69,20,5.01,few clouds,CA,2021-12-11 20:19:05
5,Padang,-0.9492,100.3543,76.98,88,95,4.56,overcast clouds,ID,2021-12-11 20:15:28
6,Ihosy,-22.4,46.1167,69.55,84,98,9.51,overcast clouds,MG,2021-12-11 20:19:05
7,Beringovskiy,63.05,179.3167,-22.27,97,44,5.41,scattered clouds,RU,2021-12-11 20:19:05
8,Lorengau,-2.0226,147.2712,82.08,83,100,14.03,overcast clouds,PG,2021-12-11 20:19:05
9,Kamenka,51.3223,42.7678,25.75,66,5,8.16,clear sky,RU,2021-12-11 20:19:06
10,Ossora,59.2353,163.0719,3.07,96,100,8.75,light snow,RU,2021-12-11 20:19:06
11,Kavaratti,10.5669,72.642,81.16,71,5,7.27,clear sky,IN,2021-12-11 20:19:07
12,Maceio,-9.6658,-35.7353,83.64,69,20,16.11,few clouds,BR,2021-12-11 20:14:30
13,Port Alfred,-33.5906,26.891,69.91,89,100,6.8,light rain,ZA,2021-12-11 20:19:07
14,Pisco,-13.7,-76.2167,73.45,68,0,17.27,clear sky,PE,2021-12-11 20:19:07
15,Albany,42.6001,-73.9662,59.81,91,100,7.92,overcast clouds,US,2021-12-11 20:16:47
16,Kahului,20.8947,-156.47,78.96,81,20,20.71,few clouds,US,2021-12-11 20:17:05
17,Atuona,-9.8,-139.0333,79.05,72,69,17.85,broken clouds,PF,2021-12-11 20:19:08
18,Busselton,-33.65,115.3333,57.04,84,69,14.54,broken clouds,AU,2021-12-11 20:19:08
19,Bagdarin,54.4333,113.6,-14.84,93,51,3.38,broken clouds,RU,2021-12-11 20:19:08
20,Provideniya,64.3833,-173.3,-8.88,80,2,9.57,clear sky,RU,2021-12-11 20:19:09
21,Fare,-16.7,-151.0167,80.83,72,7,12.21,clear sky,PF,2021-12-11 20:19:09
22,Urgut,39.4022,67.2431,40.62,48,87,5.55,overcast clouds,UZ,2021-12-11 20:19:09
23,San Matias,-16.3667,-58.4,89.55,54,100,5.14,moderate rain,BO,2021-12-11 20:19:10
24,Kaitangata,-46.2817,169.8464,53.92,58,76,1.97,broken clouds,NZ,2021-12-11 20:19:10
25,Leningradskiy,69.3833,178.4167,-25.89,88,50,8.75,scattered clouds,RU,2021-12-11 20:19:10
26,Pandan,14.0453,124.1694,79.0,87,100,17.63,overcast clouds,PH,2021-12-11 20:16:41
27,Hermanus,-34.4187,19.2345,63.9,76,84,13.71,broken clouds,ZA,2021-12-11 20:17:23
28,Ushuaia,-54.8,-68.3,62.26,45,40,3.44,scattered clouds,AR,2021-12-11 20:14:18
29,Olean,42.0776,-78.4297,64.13,94,90,26.46,overcast clouds,US,2021-12-11 20:19:11
30,Arkhara,49.4212,130.0842,13.6,96,100,3.67,light snow,RU,2021-12-11 20:19:11
31,Araria,26.15,87.5167,59.97,38,0,5.91,clear sky,IN,2021-12-11 20:19:11
32,Salym,60.0625,71.4789,12.99,92,100,9.75,overcast clouds,RU,2021-12-11 20:19:12
33,Rawson,-43.3002,-65.1023,84.47,23,88,22.32,overcast clouds,AR,2021-12-11 20:19:12
34,Bredasdorp,-34.5322,20.0403,61.29,68,26,6.04,scattered clouds,ZA,2021-12-11 20:19:12
35,Pishin,30.5803,66.9961,43.14,19,85,1.74,overcast clouds,PK,2021-12-11 20:19:13
36,Qaanaaq,77.484,-69.3632,-3.35,64,15,7.14,few clouds,GL,2021-12-11 20:19:13
37,Kapaa,22.0752,-159.319,79.12,74,75,5.01,light rain,US,2021-12-11 20:19:13
38,Punta Arenas,-53.15,-70.9167,57.31,58,75,6.91,broken clouds,CL,2021-12-11 20:19:14
39,Thompson,55.7435,-97.8558,-2.04,71,1,8.05,clear sky,CA,2021-12-11 20:19:15
40,Luanda,-8.8368,13.2343,78.84,84,24,6.35,light rain,AO,2021-12-11 20:15:27
41,Bluff,-46.6,168.3333,51.8,61,54,3.49,broken clouds,NZ,2021-12-11 20:17:22
42,Khor,47.8861,134.9464,12.81,97,100,2.24,overcast clouds,RU,2021-12-11 20:19:15
43,Codrington,-38.2667,141.9667,48.72,92,25,9.64,scattered clouds,AU,2021-12-11 20:19:15
44,Petropavlovsk-Kamchatskiy,53.0452,158.6483,30.79,69,75,4.47,broken clouds,RU,2021-12-11 20:19:16
45,Te Anau,-45.4167,167.7167,47.52,66,7,2.17,clear sky,NZ,2021-12-11 20:19:16
46,Jacareacanga,-6.2222,-57.7528,78.76,93,100,2.95,light rain,BR,2021-12-11 20:17:55
47,Cape Town,-33.9258,18.4232,66.09,72,82,1.01,broken clouds,ZA,2021-12-11 20:15:00
48,Ribeira Grande,38.5167,-28.7,66.6,82,75,26.46,broken clouds,PT,2021-12-11 20:20:16
49,Zempoala,19.45,-96.4167,87.71,56,85,7.11,overcast clouds,MX,2021-12-11 20:20:17
50,Torbay,47.6666,-52.7314,35.76,94,90,10.36,light rain,CA,2021-12-11 20:17:25
51,Lasa,46.6166,10.7002,33.71,94,53,8.86,broken clouds,IT,2021-12-11 20:20:17
52,Vila Franca Do Campo,37.7167,-25.4333,67.19,86,16,14.05,few clouds,PT,2021-12-11 20:20:17
53,Mar Del Plata,-38.0023,-57.5575,67.87,90,47,24.0,scattered clouds,AR,2021-12-11 20:18:31
54,Faanui,-16.4833,-151.75,80.71,72,11,11.81,few clouds,PF,2021-12-11 20:20:18
55,Phalaborwa,-23.943,31.1411,83.48,33,85,3.8,overcast clouds,ZA,2021-12-11 20:20:18
56,Yellowknife,62.456,-114.3525,0.41,90,75,20.71,light snow,CA,2021-12-11 20:15:20
57,Christchurch,-43.5333,172.6333,55.99,71,75,8.05,broken clouds,NZ,2021-12-11 20:20:18
58,Carnarvon,-24.8667,113.6333,68.07,73,40,17.27,scattered clouds,AU,2021-12-11 20:20:19
59,Hobart,-42.8794,147.3294,52.05,75,75,1.01,broken clouds,AU,2021-12-11 20:20:17
60,Hilo,19.7297,-155.09,77.61,40,90,5.75,light rain,US,2021-12-11 20:19:09
61,Kainantu,-6.2887,145.8655,59.22,95,94,4.14,moderate rain,PG,2021-12-11 20:20:19
62,Puerto Ayora,-0.7393,-90.3518,78.76,88,100,7.87,overcast clouds,EC,2021-12-11 20:20:19
63,Makakilo City,21.3469,-158.0858,80.92,66,75,11.5,broken clouds,US,2021-12-11 20:16:43
64,Port Hardy,50.6996,-127.4199,40.75,93,75,6.91,shower sleet,CA,2021-12-11 20:15:20
65,Soyo,-6.1349,12.3689,78.94,89,82,5.48,broken clouds,AO,2021-12-11 20:20:20
66,Cidreira,-30.1811,-50.2056,71.4,67,7,8.23,clear sky,BR,2021-12-11 20:20:20
67,Port-Gentil,-0.7193,8.7815,78.04,89,100,15.28,moderate rain,GA,2021-12-11 20:20:20
68,Bethel,41.3712,-73.414,59.0,92,100,5.01,overcast clouds,US,2021-12-11 20:20:21
69,Sao Filipe,14.8961,-24.4956,75.79,69,93,6.96,overcast clouds,CV,2021-12-11 20:20:21
70,East London,-33.0153,27.9116,71.51,83,98,9.6,overcast clouds,ZA,2021-12-11 20:17:56
71,Pierre,44.3683,-100.351,34.86,59,1,1.99,clear sky,US,2021-12-11 20:18:41
72,Sioux Lookout,50.1001,-91.917,23.38,68,75,6.91,broken clouds,CA,2021-12-11 20:20:21
73,Ilulissat,69.2167,-51.1,19.42,58,40,1.14,scattered clouds,GL,2021-12-11 20:20:21
74,Khromtau,50.2503,58.4347,13.87,90,100,20.47,overcast clouds,KZ,2021-12-11 20:20:22
75,Monrovia,6.3005,-10.7969,78.57,78,79,8.55,broken clouds,LR,2021-12-11 20:20:22
76,Kruisfontein,-34.0033,24.7314,63.88,69,100,0.69,overcast clouds,ZA,2021-12-11 20:20:22
77,Ostrovnoy,68.0531,39.5131,24.58,92,99,18.54,overcast clouds,RU,2021-12-11 20:20:23
78,Arlit,18.7369,7.3853,71.58,8,99,7.23,overcast clouds,NE,2021-12-11 20:20:23
79,Cherskiy,68.75,161.3,-44.77,100,43,4.34,scattered clouds,RU,2021-12-11 20:20:23
80,Hun,29.1268,15.9477,58.37,22,0,8.59,clear sky,LY,2021-12-11 20:20:23
81,Lagoa,39.05,-27.9833,64.42,82,100,28.07,overcast clouds,PT,2021-12-11 20:20:24
82,Camana,-16.6228,-72.7111,71.47,77,20,10.45,few clouds,PE,2021-12-11 20:20:24
83,Olafsvik,64.8945,-23.7142,41.0,82,100,21.97,overcast clouds,IS,2021-12-11 20:20:24
84,Tasiilaq,65.6145,-37.6368,39.36,64,100,35.88,overcast clouds,GL,2021-12-11 20:20:25
85,Geraldton,-28.7667,114.6,64.81,72,75,9.22,broken clouds,AU,2021-12-11 20:20:25
86,Aklavik,68.2191,-135.0107,-0.4,78,90,17.27,overcast clouds,CA,2021-12-11 20:20:25
87,Jamestown,42.097,-79.2353,63.72,89,90,11.01,light rain,US,2021-12-11 20:19:45
88,Conroe,30.3119,-95.456,58.62,47,90,1.99,overcast clouds,US,2021-12-11 20:20:26
89,Nizwa,22.9333,57.5333,64.09,43,1,3.36,clear sky,OM,2021-12-11 20:20:26
90,Payakumbuh,-0.2202,100.6308,70.05,99,99,0.76,overcast clouds,ID,2021-12-11 20:20:26
91,Adelaide,-34.9333,138.6,69.42,49,0,4.61,clear sky,AU,2021-12-11 20:20:27
92,Poso,-1.3959,120.7524,77.31,85,99,3.76,overcast clouds,ID,2021-12-11 20:21:27
93,Inuvik,68.3499,-133.7218,-0.36,77,90,10.36,light snow,CA,2021-12-11 20:16:37
94,Saint George,37.1041,-113.5841,52.27,36,1,3.0,clear sky,US,2021-12-11 20:21:27
95,Coquimbo,-29.9533,-71.3436,67.73,59,0,13.8,clear sky,CL,2021-12-11 20:21:28
96,Avarua,-21.2078,-159.775,80.65,74,20,12.66,moderate rain,CK,2021-12-11 20:21:28
97,Ulladulla,-35.35,150.4667,58.87,82,9,8.03,clear sky,AU,2021-12-11 20:21:29
98,Ancud,-41.8697,-73.8203,54.93,75,44,20.07,light rain,CL,2021-12-11 20:21:29
99,Norman Wells,65.282,-126.8329,-2.16,71,90,14.97,light snow,CA,2021-12-11 20:18:21
100,Esperance,-33.8667,121.9,60.15,75,31,11.3,scattered clouds,AU,2021-12-11 20:21:29
101,Bengkulu,-3.8004,102.2655,74.97,94,100,5.7,overcast clouds,ID,2021-12-11 20:21:30
102,Atasu,48.6814,71.6433,16.21,85,98,4.45,overcast clouds,KZ,2021-12-11 20:21:31
103,Terra Rica,-22.7094,-52.6169,96.84,16,98,4.61,overcast clouds,BR,2021-12-11 20:21:31
104,Caravelas,-17.7125,-39.2481,79.27,76,32,7.02,scattered clouds,BR,2021-12-11 20:21:31
105,Nome,64.5011,-165.4064,-7.53,77,40,16.11,mist,US,2021-12-11 20:21:32
106,Barrow,71.2906,-156.7887,-2.18,78,1,10.36,clear sky,US,2021-12-11 20:21:32
107,Iwanai,42.9744,140.5089,40.6,79,99,6.04,overcast clouds,JP,2021-12-11 20:21:32
108,Jequitinhonha,-16.4339,-41.0033,78.51,93,29,2.93,scattered clouds,BR,2021-12-11 20:21:33
109,Lakes Entrance,-37.8811,147.981,54.16,85,96,5.7,overcast clouds,AU,2021-12-11 20:21:33
110,Surgut,61.25,73.4167,8.78,84,40,15.99,light shower snow,RU,2021-12-11 20:19:27
111,Pangnirtung,66.1451,-65.7125,-4.0,84,40,2.3,scattered clouds,CA,2021-12-11 20:21:34
112,Izumo,35.3667,132.7667,49.95,81,100,11.3,overcast clouds,JP,2021-12-11 20:21:34
113,Port Elizabeth,-33.918,25.5701,66.09,79,100,6.11,overcast clouds,ZA,2021-12-11 20:21:34
114,Mataura,-46.1927,168.8643,51.48,56,57,2.04,broken clouds,NZ,2021-12-11 20:21:34
115,Ponta Do Sol,32.6667,-17.1,66.0,75,43,5.64,scattered clouds,PT,2021-12-11 20:21:35
116,Arapiraca,-9.7525,-36.6611,84.2,49,28,18.68,scattered clouds,BR,2021-12-11 20:20:02
117,Santa Isabel Do Rio Negro,-0.4139,-65.0192,75.87,97,100,2.73,heavy intensity rain,BR,2021-12-11 20:21:35
118,Vaini,-21.2,-175.2,82.56,83,40,5.75,scattered clouds,TO,2021-12-11 20:17:25
119,Natchez,31.5604,-91.4032,56.64,57,90,10.36,overcast clouds,US,2021-12-11 20:21:36
120,Bubaque,11.2833,-15.8333,81.7,73,47,12.19,scattered clouds,GW,2021-12-11 20:21:36
121,Lebu,-37.6167,-73.65,58.64,64,1,8.68,clear sky,CL,2021-12-11 20:21:37
122,Baoning,25.3378,110.026,58.86,67,75,6.71,haze,CN,2021-12-11 20:21:37
123,Dikson,73.5069,80.5464,-15.23,83,100,5.84,overcast clouds,RU,2021-12-11 20:21:37
124,Kapchorwa,1.3965,34.4509,62.04,47,29,8.23,scattered clouds,UG,2021-12-11 20:21:38
125,Ornskoldsvik,63.2909,18.7153,30.02,100,90,3.44,light snow,SE,2021-12-11 20:21:38
126,Noshiro,40.2039,140.0242,46.11,73,98,6.31,overcast clouds,JP,2021-12-11 20:21:39
127,Beroroha,-21.6667,45.1667,79.47,71,82,2.1,broken clouds,MG,2021-12-11 20:21:39
128,Butaritari,3.0707,172.7902,82.54,73,100,16.91,overcast clouds,KI,2021-12-11 20:21:39
129,Half Moon Bay,37.4636,-122.4286,59.72,65,1,5.75,clear sky,US,2021-12-11 20:21:39
130,Cozumel,20.5083,-86.9458,84.27,75,40,8.01,scattered clouds,MX,2021-12-11 20:21:40
131,Naze,28.3667,129.4833,62.73,62,0,4.56,clear sky,JP,2021-12-11 20:21:40
132,Bobrovka,54.047,61.7455,10.02,90,6,8.3,clear sky,RU,2021-12-11 20:21:41
133,Toledo,39.8333,-4.0,57.07,80,0,5.61,clear sky,ES,2021-12-11 20:22:41
134,Faya,18.3851,42.4509,50.52,40,1,5.08,clear sky,SA,2021-12-11 20:22:41
135,Bridgetown,13.1,-59.6167,81.09,74,40,18.41,scattered clouds,BB,2021-12-11 20:17:55
136,Tuktoyaktuk,69.4541,-133.0374,-2.2,84,90,9.22,overcast clouds,CA,2021-12-11 20:22:42
137,Batagay-Alyta,67.8006,130.4114,-19.91,100,100,0.83,overcast clouds,RU,2021-12-11 20:22:42
138,Sorland,67.667,12.6934,38.71,69,100,8.68,light rain,NO,2021-12-11 20:22:42
139,Carutapera,-1.195,-46.02,83.68,71,43,9.35,scattered clouds,BR,2021-12-11 20:22:43
140,Port-Cartier,50.0334,-66.8654,19.51,92,100,14.58,snow,CA,2021-12-11 20:22:43
141,Eldorado,-23.7869,-54.2836,94.08,17,100,2.53,overcast clouds,BR,2021-12-11 20:21:27
142,Poum,-20.2333,164.0167,81.88,80,100,16.73,overcast clouds,NC,2021-12-11 20:22:43
143,Imbituba,-28.24,-48.6703,78.69,81,100,8.16,overcast clouds,BR,2021-12-11 20:22:43
144,Nioro,13.35,-15.75,81.09,39,100,8.97,overcast clouds,GM,2021-12-11 20:22:44
145,Sabha,27.0377,14.4283,55.87,34,84,5.19,broken clouds,LY,2021-12-11 20:18:26
146,Georgetown,5.4112,100.3354,80.89,80,20,0.0,few clouds,MY,2021-12-11 20:22:44
147,Fairbanks,64.8378,-147.7164,0.1,77,90,5.01,light snow,US,2021-12-11 20:22:44
148,Eureka,40.8021,-124.1637,50.2,79,100,7.0,moderate rain,US,2021-12-11 20:18:39
149,Lahaina,20.8783,-156.6825,78.94,68,64,8.52,broken clouds,US,2021-12-11 20:22:45
150,Talnakh,69.4865,88.3972,-26.81,82,75,2.53,broken clouds,RU,2021-12-11 20:22:45
151,Adrar,20.5022,-10.0711,70.9,14,78,11.1,broken clouds,MR,2021-12-11 20:22:46
152,Kodiak,57.79,-152.4072,17.11,57,40,27.63,scattered clouds,US,2021-12-11 20:22:46
153,Katsuura,35.1333,140.3,56.19,65,33,10.25,scattered clouds,JP,2021-12-11 20:22:46
154,Ayagoz,47.9714,80.4392,-4.97,84,74,4.65,broken clouds,KZ,2021-12-11 20:22:46
155,Talaya,61.3833,152.75,-27.51,100,100,0.67,overcast clouds,RU,2021-12-11 20:22:47
156,Tiznit,29.5833,-9.5,60.24,37,0,1.07,clear sky,MA,2021-12-11 20:17:57
157,Port Hueneme,34.1478,-119.1951,69.39,27,1,3.44,clear sky,US,2021-12-11 20:22:47
158,Hasaki,35.7333,140.8333,39.6,65,39,8.77,scattered clouds,JP,2021-12-11 20:22:48
159,Cascais,38.6979,-9.4215,57.51,73,13,1.01,few clouds,PT,2021-12-11 20:22:48
160,Altenholz,54.4,10.1333,38.07,93,90,5.75,overcast clouds,DE,2021-12-11 20:22:48
161,Gat,31.61,34.7642,67.41,42,55,2.64,broken clouds,IL,2021-12-11 20:22:01
162,Asau,46.4333,26.4,42.4,84,100,3.78,overcast clouds,RO,2021-12-11 20:22:48
163,Yar-Sale,66.8333,70.8333,-7.91,100,76,4.68,broken clouds,RU,2021-12-11 20:22:49
164,Tuatapere,-46.1333,167.6833,51.82,56,11,5.86,few clouds,NZ,2021-12-11 20:22:49
165,Arraial Do Cabo,-22.9661,-42.0278,82.36,78,0,11.5,clear sky,BR,2021-12-11 20:22:49
166,Agirish,61.9247,63.0231,6.24,92,68,6.69,broken clouds,RU,2021-12-11 20:22:50
167,Moncarapacho,37.0886,-7.7872,54.82,82,0,0.0,clear sky,PT,2021-12-11 20:22:50
168,Vestmannaeyjar,63.4427,-20.2734,44.37,81,91,26.42,overcast clouds,IS,2021-12-11 20:22:50
169,Beitbridge,-22.2167,30.0,86.77,30,100,9.06,overcast clouds,ZW,2021-12-11 20:22:51
170,Egvekinot,66.3167,-179.1667,-26.59,81,14,5.46,few clouds,RU,2021-12-11 20:22:51
171,Tiksi,71.6872,128.8694,-13.45,98,100,4.81,overcast clouds,RU,2021-12-11 20:22:51
172,Khandyga,62.6667,135.6,-33.38,100,86,2.48,overcast clouds,RU,2021-12-11 20:22:52
173,Mandera,3.9366,41.867,84.96,29,4,7.92,clear sky,KE,2021-12-11 20:22:52
174,Lazaro Cardenas,17.9583,-102.2,84.51,62,89,9.51,overcast clouds,MX,2021-12-11 20:22:52
175,Kamaishi,39.2667,141.8833,44.01,77,100,6.58,overcast clouds,JP,2021-12-11 20:22:53
176,Cizre,37.3272,42.1903,51.06,44,4,3.27,clear sky,TR,2021-12-11 20:22:53
177,Kushima,31.4583,131.2333,51.12,86,5,5.91,clear sky,JP,2021-12-11 20:23:53
178,Belmonte,-15.8631,-38.8828,80.6,77,13,8.43,light rain,BR,2021-12-11 20:23:54
179,Saravena,6.9538,-71.8752,91.96,37,71,4.72,broken clouds,CO,2021-12-11 20:20:04
180,San Patricio,28.017,-97.5169,64.49,27,98,21.3,overcast clouds,US,2021-12-11 20:23:54
181,Ixtapa,20.7,-105.2,79.83,50,75,10.36,broken clouds,MX,2021-12-11 20:22:46
182,Castro,-24.7911,-50.0119,82.24,39,100,5.68,overcast clouds,BR,2021-12-11 20:23:54
183,Vila Velha,-20.3297,-40.2925,80.55,84,20,10.0,few clouds,BR,2021-12-11 20:23:55
184,Severo-Kurilsk,50.6789,156.125,33.3,96,100,18.68,snow,RU,2021-12-11 20:23:55
185,Namibe,-15.1961,12.1522,71.6,75,64,1.97,broken clouds,AO,2021-12-11 20:23:55
186,Mercedes,-34.6515,-59.4307,90.18,27,40,3.31,scattered clouds,AR,2021-12-11 20:23:56
187,Krasnoselkup,65.7,82.4667,-7.83,98,64,10.07,broken clouds,RU,2021-12-11 20:23:56
188,Sangar,63.9242,127.4739,-9.17,95,100,6.91,overcast clouds,RU,2021-12-11 20:23:56
189,Northam,51.0333,-4.2167,53.42,97,100,15.68,overcast clouds,GB,2021-12-11 20:23:57
190,Fomboni,-12.28,43.7425,81.59,74,100,16.55,overcast clouds,KM,2021-12-11 20:23:57
191,Los Llanos De Aridane,28.6585,-17.9182,62.35,76,75,11.01,broken clouds,ES,2021-12-11 20:23:57
192,Upernavik,72.7868,-56.1549,2.46,93,100,9.57,overcast clouds,GL,2021-12-11 20:23:58
193,Shiyan,32.6475,110.7781,46.69,78,100,4.29,overcast clouds,CN,2021-12-11 20:23:58
194,Praya,14.9215,-23.5087,73.94,73,0,16.11,clear sky,CV,2021-12-11 20:23:58
195,Mahebourg,-20.4081,57.7,79.25,78,40,10.36,light rain,MU,2021-12-11 20:23:59
196,Nikolskoye,59.7035,30.7861,26.49,89,100,9.73,light snow,RU,2021-12-11 20:23:59
197,Port Lincoln,-34.7333,135.8667,64.89,69,12,10.22,few clouds,AU,2021-12-11 20:23:59
198,Saint-Philippe,-21.3585,55.7679,78.35,80,79,9.75,light rain,RE,2021-12-11 20:24:00
199,Ust-Ilimsk,58.0006,102.6619,14.09,91,100,9.64,overcast clouds,RU,2021-12-11 20:24:00
200,Conceicao Do Araguaia,-8.2578,-49.2647,82.96,76,96,3.09,overcast clouds,BR,2021-12-11 20:24:01
201,Brae,60.3964,-1.353,46.31,93,100,21.77,overcast clouds,GB,2021-12-11 20:24:01
202,Les Cayes,18.2,-73.75,83.19,61,9,8.86,clear sky,HT,2021-12-11 20:24:01
203,Mananjary,-21.2167,48.3333,76.17,80,9,6.38,clear sky,MG,2021-12-11 20:24:02
204,Prieska,-29.6641,22.7474,80.64,8,0,6.91,clear sky,ZA,2021-12-11 20:24:02
205,Santa Cruz,-17.8,-63.1667,86.05,66,75,13.8,light rain,BO,2021-12-11 20:24:02
206,Oxelosund,58.6706,17.1015,32.52,98,75,3.44,mist,SE,2021-12-11 20:24:03
207,Kalemie,-5.9475,29.1947,73.9,75,100,2.73,overcast clouds,CD,2021-12-11 20:24:03
208,Edson,53.5835,-116.4356,28.54,93,90,5.75,light snow,CA,2021-12-11 20:24:03
209,Yablonovo,50.8523,37.3574,30.06,86,63,10.74,broken clouds,RU,2021-12-11 20:24:03
210,Labuhan,-6.8844,112.2051,78.67,86,100,7.07,overcast clouds,ID,2021-12-11 20:24:04
211,New Norfolk,-42.7826,147.0587,51.71,64,16,1.63,few clouds,AU,2021-12-11 20:24:04
212,Balikpapan,-1.2675,116.8289,76.08,90,100,5.1,overcast clouds,ID,2021-12-11 20:24:04
213,Pevek,69.7008,170.3133,-32.15,100,87,6.51,overcast clouds,RU,2021-12-11 20:24:05
214,Kita,13.0349,-9.4895,80.85,13,99,2.66,overcast clouds,ML,2021-12-11 20:24:05
215,Kimbe,-5.5502,150.1429,76.48,95,98,2.55,light rain,PG,2021-12-11 20:24:05
216,Alofi,-19.0595,-169.9187,82.29,61,75,2.3,light rain,NU,2021-12-11 20:24:06
217,Seydisehir,37.4193,31.8453,43.39,79,100,5.19,overcast clouds,TR,2021-12-11 20:24:06
218,Pochutla,15.7432,-96.4661,89.42,49,25,8.55,scattered clouds,MX,2021-12-11 20:24:06
219,Tabou,4.423,-7.3528,80.56,80,93,9.35,overcast clouds,CI,2021-12-11 20:24:07
220,Sao Caetano De Odivelas,-0.75,-48.02,82.71,72,100,9.82,overcast clouds,BR,2021-12-11 20:25:07
221,Khonsa,27.0167,95.5667,52.0,95,24,3.31,few clouds,IN,2021-12-11 20:25:07
222,Wajir,1.7471,40.0573,83.95,30,6,7.92,clear sky,KE,2021-12-11 20:25:07
223,Turukhansk,65.8167,87.9833,-9.47,89,77,8.01,broken clouds,RU,2021-12-11 20:21:17
224,Opuwo,-18.0607,13.84,77.31,50,83,8.75,broken clouds,NA,2021-12-11 20:25:08
225,Wahiawa,21.5028,-158.0236,79.12,73,20,13.8,few clouds,US,2021-12-11 20:25:08
226,Nantucket,41.2835,-70.0995,61.14,91,90,26.46,mist,US,2021-12-11 20:25:09
227,Bangassou,4.7413,22.8184,80.85,37,100,1.3,overcast clouds,CF,2021-12-11 20:25:10
228,Sao Goncalo Do Amarante,-3.6072,-38.9683,84.24,61,92,10.85,overcast clouds,BR,2021-12-11 20:25:10
229,Youhao,47.8667,128.8333,18.14,96,100,2.46,light snow,CN,2021-12-11 20:25:10
230,Abu Dhabi,24.4667,54.3667,73.96,66,20,5.75,few clouds,AE,2021-12-11 20:25:11
231,Port Macquarie,-31.4333,152.9167,62.56,77,74,11.81,broken clouds,AU,2021-12-11 20:21:08
232,Taoudenni,22.6783,-3.9836,70.92,16,98,10.22,overcast clouds,ML,2021-12-11 20:25:11
233,Pacific Grove,36.6177,-121.9166,59.76,59,1,3.0,clear sky,US,2021-12-11 20:24:49
234,Valparaiso,-33.0393,-71.6273,68.23,65,40,8.05,scattered clouds,CL,2021-12-11 20:20:59
235,Nabire,-3.3667,135.4833,76.75,91,100,3.58,overcast clouds,ID,2021-12-11 20:25:11
236,Saldanha,-33.0117,17.9442,64.45,82,24,4.18,few clouds,ZA,2021-12-11 20:25:12
237,Dhrol,22.5667,70.4167,70.43,48,0,9.01,clear sky,IN,2021-12-11 20:25:12
238,Jining,35.405,116.5814,47.07,75,100,9.75,overcast clouds,CN,2021-12-11 20:25:13
239,Havelock,34.8791,-76.9013,77.05,90,100,11.99,overcast clouds,US,2021-12-11 20:25:13
240,Nouadhibou,20.931,-17.0347,69.78,56,0,8.05,dust,MR,2021-12-11 20:25:13
241,Alyangula,-13.8483,136.4192,69.67,100,14,0.0,few clouds,AU,2021-12-11 20:25:14
242,Manokwari,-0.8667,134.0833,78.96,81,100,5.08,overcast clouds,ID,2021-12-11 20:25:14
243,Dalbandin,28.8947,64.4101,53.51,17,3,5.17,clear sky,PK,2021-12-11 20:25:14
244,Awjilah,29.1081,21.2869,59.5,49,100,8.16,overcast clouds,LY,2021-12-11 20:25:15
245,Fengzhen,40.4394,113.1536,15.1,38,0,7.94,clear sky,CN,2021-12-11 20:25:15
246,La Ronge,55.1001,-105.2842,16.05,86,90,6.91,overcast clouds,CA,2021-12-11 20:25:15
247,Louisville,38.2542,-85.7594,43.75,63,90,7.0,overcast clouds,US,2021-12-11 20:22:17
248,Slave Lake,55.2834,-114.769,33.78,47,90,14.97,overcast clouds,CA,2021-12-11 20:25:16
249,Krasnotorka,48.682,37.5327,34.32,82,99,8.77,overcast clouds,UA,2021-12-11 20:25:16
250,Dzhebariki-Khaya,62.2167,135.8,-33.56,100,72,0.58,broken clouds,RU,2021-12-11 20:25:16
251,Kanniyakumari,8.0833,77.5667,78.69,83,6,19.77,clear sky,IN,2021-12-11 20:25:17
252,Hithadhoo,-0.6,73.0833,80.83,79,29,7.63,scattered clouds,MV,2021-12-11 20:25:17
253,Betafo,-19.8333,46.85,62.37,87,100,4.94,overcast clouds,MG,2021-12-11 20:25:18
254,Piacabucu,-10.4056,-36.4344,81.5,69,6,14.47,clear sky,BR,2021-12-11 20:25:18
255,Ahipara,-35.1667,173.1667,67.69,96,100,4.5,moderate rain,NZ,2021-12-11 20:25:19
256,Dicabisagan,17.0818,122.4157,75.85,87,100,8.88,overcast clouds,PH,2021-12-11 20:25:19
257,Andenes,69.3143,16.1194,28.38,80,100,8.05,overcast clouds,NO,2021-12-11 20:25:19
258,Havre-Saint-Pierre,50.2334,-63.5986,25.39,79,90,8.05,overcast clouds,CA,2021-12-11 20:25:20
259,Ribeira Brava,32.65,-17.0667,66.0,78,45,6.58,scattered clouds,PT,2021-12-11 20:25:20
260,Salalah,17.0151,54.0924,78.89,31,0,10.36,clear sky,OM,2021-12-11 20:25:20
261,Whitianga,-36.8333,175.7,71.02,91,100,5.95,light rain,NZ,2021-12-11 20:25:21
262,Belaya Gora,68.5333,146.4167,-46.12,93,100,0.78,overcast clouds,RU,2021-12-11 20:25:21
263,Puerto Madero,14.7208,-92.4215,89.8,62,40,9.22,scattered clouds,MX,2021-12-11 20:25:21
264,Srostki,52.4189,85.7022,8.24,89,100,4.45,overcast clouds,RU,2021-12-11 20:26:22
265,Khatanga,71.9667,102.5,-43.1,100,60,4.74,broken clouds,RU,2021-12-11 20:24:16
266,Turbat,26.0023,63.044,64.2,51,52,2.26,broken clouds,PK,2021-12-11 20:26:22
267,Gravdal,68.1214,13.5031,35.78,70,100,8.41,light rain,NO,2021-12-11 20:26:22
268,Nemuro,43.3236,145.575,41.58,74,9,14.09,clear sky,JP,2021-12-11 20:26:23
269,Nioki,-2.7167,17.6833,73.36,94,99,2.06,light rain,CD,2021-12-11 20:26:23
270,Mudkhed,19.1667,77.5167,67.62,52,31,6.02,scattered clouds,IN,2021-12-11 20:26:23
271,Bama,11.5221,13.6856,74.3,23,7,8.59,clear sky,NG,2021-12-11 20:26:24
272,Constitucion,-35.3333,-72.4167,61.95,72,30,9.42,scattered clouds,CL,2021-12-11 20:26:24
273,Mpika,-11.8343,31.4529,69.57,42,47,8.34,scattered clouds,ZM,2021-12-11 20:26:24
274,Seoul,37.5683,126.9778,38.71,100,67,4.61,fog,KR,2021-12-11 20:21:34
275,Riosucio,5.4216,-75.7032,68.29,92,99,3.67,moderate rain,CO,2021-12-11 20:26:25
276,Kokstad,-30.5472,29.4241,65.46,75,100,3.98,overcast clouds,ZA,2021-12-11 20:26:25
277,Meulaboh,4.1363,96.1285,76.35,91,78,2.84,broken clouds,ID,2021-12-11 20:26:25
278,Hay River,60.8156,-115.7999,6.78,78,90,4.61,light snow,CA,2021-12-11 20:26:25
279,Sakakah,29.9697,40.2064,56.77,40,100,8.86,overcast clouds,SA,2021-12-11 20:26:26
280,Los Alamos,35.8881,-106.307,39.02,28,1,4.0,clear sky,US,2021-12-11 20:26:26
281,Rancho Santa Margarita,33.6409,-117.6031,67.28,39,19,1.01,few clouds,US,2021-12-11 20:26:27
282,Bilibino,68.0546,166.4372,-41.51,100,46,3.18,scattered clouds,RU,2021-12-11 20:26:27
283,Jiangyou,31.7667,104.7167,47.28,79,56,2.71,broken clouds,CN,2021-12-11 20:26:27
284,Porbandar,21.6422,69.6093,73.29,48,0,10.27,clear sky,IN,2021-12-11 20:26:27
285,Marsa Matruh,31.3525,27.2453,62.56,52,52,9.22,broken clouds,EG,2021-12-11 20:26:28
286,Kanchanaburi,14.6333,99.1,68.31,86,1,3.65,clear sky,TH,2021-12-11 20:26:28
287,Sitka,57.0531,-135.33,30.09,86,75,0.0,light snow,US,2021-12-11 20:26:28
288,Chuy,-33.6971,-53.4616,71.65,61,3,11.03,clear sky,UY,2021-12-11 20:26:29
289,Mackay,-21.15,149.2,74.05,94,81,6.91,broken clouds,AU,2021-12-11 20:26:29
290,Verkhnevilyuysk,63.4453,120.3167,-23.64,98,98,4.29,overcast clouds,RU,2021-12-11 20:26:29
291,Quelimane,-17.8786,36.8883,82.35,74,0,19.57,clear sky,MZ,2021-12-11 20:26:30
292,College,64.8569,-147.8028,-0.42,76,90,11.5,mist,US,2021-12-11 20:26:30
293,Vao,-22.6667,167.4833,78.71,87,100,17.83,overcast clouds,NC,2021-12-11 20:26:30
294,Gamba,-2.65,10.0,75.51,96,100,1.61,moderate rain,GA,2021-12-11 20:26:31
295,Poronaysk,49.2167,143.1167,25.43,91,99,5.73,overcast clouds,RU,2021-12-11 20:26:31
296,Probolinggo,-7.7543,113.2159,76.86,86,68,6.51,broken clouds,ID,2021-12-11 20:26:31
297,Cabo San Lucas,22.8909,-109.9124,81.7,63,20,4.0,few clouds,MX,2021-12-11 20:23:29
298,Koslan,63.4564,48.8989,9.46,86,99,8.72,overcast clouds,RU,2021-12-11 20:26:32
299,Karpinsk,59.7654,60.0085,1.94,93,58,3.58,broken clouds,RU,2021-12-11 20:26:32
300,Alanya,36.5438,31.9998,55.53,59,31,4.9,scattered clouds,TR,2021-12-11 20:26:32
301,Ulkan,57.243,107.3223,5.79,95,100,9.86,light snow,RU,2021-12-11 20:26:33
302,Panorama,40.5878,23.0315,52.9,89,75,1.01,broken clouds,GR,2021-12-11 20:26:33
303,Miri,4.4148,114.0089,75.34,100,40,0.0,scattered clouds,MY,2021-12-11 20:26:33
304,Biak,-0.9131,122.8766,76.96,83,97,3.22,overcast clouds,ID,2021-12-11 20:26:34
305,Serowe,-22.3833,26.7167,79.43,41,90,5.59,overcast clouds,BW,2021-12-11 20:26:34
306,Lata,40.1629,-8.3327,53.35,95,24,2.08,few clouds,PT,2021-12-11 20:26:34
307,Port Blair,11.6667,92.75,79.65,76,23,11.45,few clouds,IN,2021-12-11 20:26:35
308,Mocuba,-16.8392,36.9856,78.15,69,1,6.29,clear sky,MZ,2021-12-11 20:26:35
309,Labuan,5.2767,115.2417,75.56,100,20,0.0,few clouds,MY,2021-12-11 20:26:36
310,Mount Pleasant,32.7941,-79.8626,79.3,67,1,1.01,clear sky,US,2021-12-11 20:26:36
311,Ivybridge,50.3904,-3.9191,54.57,97,97,10.8,overcast clouds,GB,2021-12-11 20:27:36
312,Tessalit,20.1986,1.0114,71.6,10,2,9.48,clear sky,ML,2021-12-11 20:27:37
313,Cap Malheureux,-19.9842,57.6142,79.47,69,81,8.99,light rain,MU,2021-12-11 20:27:37
314,Kyzyl-Suu,42.3414,78.0056,23.14,50,82,8.28,broken clouds,KG,2021-12-11 20:27:37
315,Rocha,-34.4833,-54.3333,75.87,51,20,11.18,few clouds,UY,2021-12-11 20:27:38
316,Sao Francisco,-15.9486,-44.8644,79.52,84,99,3.69,light rain,BR,2021-12-11 20:23:18
317,Kichera,55.9375,110.0997,1.81,95,100,2.04,light snow,RU,2021-12-11 20:27:38
318,Bambous Virieux,-20.3428,57.7575,79.21,78,40,10.36,light rain,MU,2021-12-11 20:27:38
319,Wenzhou,27.9994,120.6668,55.83,82,0,2.26,clear sky,CN,2021-12-11 20:27:38
320,Adre,13.4667,22.2,73.4,19,0,9.42,clear sky,TD,2021-12-11 20:27:39
321,Cockburn Town,21.4612,-71.1419,82.36,65,40,17.27,scattered clouds,TC,2021-12-11 20:27:39
322,Divnogorsk,55.9594,92.3619,25.29,94,100,8.25,light snow,RU,2021-12-11 20:27:39
323,Saskylakh,71.9167,114.0833,-40.11,100,100,2.06,overcast clouds,RU,2021-12-11 20:27:40
324,Souillac,-20.5167,57.5167,79.36,78,40,10.36,light rain,MU,2021-12-11 20:27:40
325,Hamilton,39.1834,-84.5333,41.99,69,90,1.01,overcast clouds,US,2021-12-11 20:27:40
326,Carlsbad,33.1581,-117.3506,70.68,38,1,1.99,clear sky,US,2021-12-11 20:27:40
327,Manlleu,42.0023,2.2848,47.79,92,100,3.0,overcast clouds,ES,2021-12-11 20:27:41
328,Kwinana,-32.25,115.7667,61.81,75,93,1.99,overcast clouds,AU,2021-12-11 20:27:41
329,Kaeo,-35.1,173.7833,71.33,96,100,5.99,heavy intensity rain,NZ,2021-12-11 20:27:41
330,Kenai,60.5544,-151.2583,12.25,77,75,13.8,mist,US,2021-12-11 20:27:42
331,Manadhoo,5.7667,73.3833,81.81,75,99,10.76,overcast clouds,MV,2021-12-11 20:27:42
332,Correntina,-13.3433,-44.6367,79.56,81,78,2.77,broken clouds,BR,2021-12-11 20:27:42
333,Airai,-8.9266,125.4092,61.81,90,100,0.78,overcast clouds,TL,2021-12-11 20:27:43
334,Yarmouth,41.7057,-70.2286,62.58,97,90,17.27,mist,US,2021-12-11 20:27:43
335,Jinchang,38.4953,102.1739,23.22,44,0,1.36,clear sky,CN,2021-12-11 20:27:43
336,Longyearbyen,78.2186,15.6401,30.04,59,75,10.36,broken clouds,SJ,2021-12-11 20:27:44
337,Payo,-3.7508,103.6372,71.6,99,100,2.1,overcast clouds,ID,2021-12-11 20:27:44
338,Linxia,35.6003,103.2064,21.36,88,100,3.47,overcast clouds,CN,2021-12-11 20:27:44
339,Heihe,50.2441,127.4902,9.18,93,100,10.09,overcast clouds,CN,2021-12-11 20:27:45
340,Huarmey,-10.0681,-78.1522,72.37,74,28,12.8,scattered clouds,PE,2021-12-11 20:27:45
341,Zheleznodorozhnyy,55.7503,38.0042,9.36,92,69,7.25,broken clouds,RU,2021-12-11 20:26:54
342,Teya,60.3778,92.6267,10.45,92,100,6.22,overcast clouds,RU,2021-12-11 20:27:46
343,Komsomolskiy,40.4272,71.7189,35.02,44,7,9.22,clear sky,UZ,2021-12-11 20:27:46
344,Grand Gaube,-20.0064,57.6608,79.38,69,78,8.99,light rain,MU,2021-12-11 20:27:46
345,Willowmore,-33.2926,23.4895,62.58,72,3,11.05,clear sky,ZA,2021-12-11 20:27:46
346,Zhigalovo,54.8097,105.1578,3.83,97,100,3.74,overcast clouds,RU,2021-12-11 20:27:47
347,Chokurdakh,70.6333,147.9167,-48.41,100,78,2.48,broken clouds,RU,2021-12-11 20:27:47
348,Lavrentiya,65.5833,-171.0,-14.71,86,13,8.55,few clouds,RU,2021-12-11 20:27:47
349,Zavitinsk,50.1167,129.45,9.32,96,100,5.08,light snow,RU,2021-12-11 20:27:48
350,Khartoum,15.5518,32.5324,81.01,32,0,9.91,clear sky,SD,2021-12-11 20:27:48
351,Plettenberg Bay,-34.0527,23.3716,64.2,79,100,6.02,overcast clouds,ZA,2021-12-11 20:27:48
352,Margate,51.3813,1.3862,49.96,89,100,4.0,light rain,GB,2021-12-11 20:27:48
353,Paysandu,-32.3214,-58.0756,90.61,19,53,2.37,broken clouds,UY,2021-12-11 20:27:49
354,Moryakovskiy Zaton,56.6956,84.6467,16.68,94,100,6.71,overcast clouds,RU,2021-12-11 20:27:49
355,Morondava,-20.2833,44.2833,80.28,75,56,2.62,broken clouds,MG,2021-12-11 20:27:49
356,Palauig,15.435,119.9045,78.62,75,100,3.58,overcast clouds,PH,2021-12-11 20:28:50
357,Praia Da Vitoria,38.7333,-27.0667,65.75,88,40,25.28,scattered clouds,PT,2021-12-11 20:28:50
358,Rio Grande,-32.035,-52.0986,77.11,65,11,11.9,few clouds,BR,2021-12-11 20:26:40
359,Dunedin,-45.8742,170.5036,53.8,57,31,1.99,scattered clouds,NZ,2021-12-11 20:28:50
360,Westerland,54.9079,8.3033,33.94,93,20,4.61,few clouds,DE,2021-12-11 20:28:51
361,Vardo,70.3705,31.1107,28.62,81,49,14.32,scattered clouds,NO,2021-12-11 20:28:51
362,Najran,17.4924,44.1277,52.45,49,8,1.72,clear sky,SA,2021-12-11 20:28:51
363,Pilar,-9.5972,-35.9567,82.33,65,36,12.41,scattered clouds,BR,2021-12-11 20:28:52
364,Hofn,64.2539,-15.2082,42.87,86,100,24.43,overcast clouds,IS,2021-12-11 20:28:52
365,Tallahassee,30.4383,-84.2807,82.49,84,100,1.01,overcast clouds,US,2021-12-11 20:28:47
366,Laurel,39.0993,-76.8483,69.73,79,90,1.99,overcast clouds,US,2021-12-11 20:28:53
367,Baishishan,43.5833,127.5667,13.87,85,98,9.4,overcast clouds,CN,2021-12-11 20:28:53
368,Camacha,33.0833,-16.3333,62.53,82,40,9.22,scattered clouds,PT,2021-12-11 20:28:53
369,Gimli,50.6336,-96.9907,24.82,58,57,12.66,broken clouds,CA,2021-12-11 20:28:54
370,Qasigiannguit,68.8193,-51.1922,19.65,81,100,5.5,overcast clouds,GL,2021-12-11 20:28:54
371,Tigil,57.8,158.6667,10.42,91,100,5.03,overcast clouds,RU,2021-12-11 20:28:54
372,Marmande,44.5,0.1667,48.76,96,100,2.42,overcast clouds,FR,2021-12-11 20:28:54
373,Mathathane,-22.2687,28.7495,86.41,31,65,6.51,broken clouds,BW,2021-12-11 20:28:55
374,Bogande,12.9714,-0.1436,80.06,16,35,8.41,scattered clouds,BF,2021-12-11 20:28:55
375,Yulara,-25.2406,130.9889,75.04,25,100,8.05,overcast clouds,AU,2021-12-11 20:28:55
376,Maridi,4.9158,29.4742,81.73,30,27,6.85,scattered clouds,SS,2021-12-11 20:28:56
377,Herat,34.5,62.0,41.99,47,3,6.82,clear sky,AF,2021-12-11 20:26:11
378,Devgarh,25.5333,73.9,57.47,39,100,5.99,overcast clouds,IN,2021-12-11 20:28:56
379,America Dourada,-11.4553,-41.4361,75.78,83,85,9.28,overcast clouds,BR,2021-12-11 20:28:56
380,Eirunepe,-6.6603,-69.8736,83.66,68,86,3.04,overcast clouds,BR,2021-12-11 20:28:56
381,Karaman,37.0833,33.25,43.3,72,100,14.05,overcast clouds,TR,2021-12-11 20:28:57
382,Loralai,30.3705,68.598,44.76,25,96,1.05,overcast clouds,PK,2021-12-11 20:28:57
383,Altamont,42.2068,-121.7372,41.4,51,90,5.99,overcast clouds,US,2021-12-11 20:28:57
384,Paita,-5.0892,-81.1144,77.56,77,97,12.73,overcast clouds,PE,2021-12-11 20:28:58
385,Leeton,-34.5667,146.4,62.51,63,75,8.05,broken clouds,AU,2021-12-11 20:28:58
386,Mount Isa,-20.7333,139.5,65.97,27,0,0.0,clear sky,AU,2021-12-11 20:28:58
387,Elizabeth City,36.2946,-76.2511,77.05,77,1,3.0,clear sky,US,2021-12-11 20:28:59
388,Kasongo-Lunda,-6.4667,16.8167,72.12,98,100,0.65,overcast clouds,CD,2021-12-11 20:28:59
389,Xianshuigu,38.985,117.3828,33.8,27,0,22.37,clear sky,CN,2021-12-11 20:28:59
390,Victor Harbor,-35.5667,138.6167,69.91,60,8,7.94,clear sky,AU,2021-12-11 20:29:00
391,Cotonou,6.3654,2.4183,84.18,79,20,8.05,few clouds,BJ,2021-12-11 20:24:36
392,Samarai,-10.6167,150.6667,81.09,79,40,11.12,scattered clouds,PG,2021-12-11 20:29:00
393,Solnechnyy,50.7214,136.6319,14.58,96,100,2.73,overcast clouds,RU,2021-12-11 20:29:01
394,Corrientes,-27.4806,-58.8341,78.76,61,0,9.22,clear sky,AR,2021-12-11 20:29:01
395,Hervey Bay,-25.2986,152.8535,74.03,70,7,16.24,clear sky,AU,2021-12-11 20:29:01
396,Mazamari,-11.3258,-74.5308,88.41,50,98,3.15,overcast clouds,PE,2021-12-11 20:29:02
397,Fairview,40.8126,-73.999,66.58,83,90,4.61,overcast clouds,US,2021-12-11 20:29:03
398,San Luis,-33.295,-66.3356,87.19,27,0,4.43,clear sky,AR,2021-12-11 20:27:03
399,Matara,5.9485,80.5353,76.3,87,89,10.0,overcast clouds,LK,2021-12-11 20:29:03
400,Touros,-5.1989,-35.4608,83.3,69,14,15.52,few clouds,BR,2021-12-11 20:29:03
401,Grindavik,63.8424,-22.4338,41.47,93,75,19.57,broken clouds,IS,2021-12-11 20:29:04
402,Zhanaozen,43.3,52.8,36.77,80,35,9.22,scattered clouds,KZ,2021-12-11 20:29:04
403,Yerbogachen,61.2767,108.0108,-11.29,97,100,5.55,overcast clouds,RU,2021-12-11 20:30:04
404,Salinopolis,-0.6136,-47.3561,82.17,77,43,11.81,scattered clouds,BR,2021-12-11 20:30:04
405,Lompoc,34.6391,-120.4579,66.69,49,1,3.44,clear sky,US,2021-12-11 20:26:05
406,Bayir,37.2687,28.2167,59.52,90,99,18.01,overcast clouds,TR,2021-12-11 20:30:05
407,Katangli,51.7102,143.2326,15.42,98,91,7.02,overcast clouds,RU,2021-12-11 20:30:05
408,Clyde River,70.4692,-68.5914,-3.77,84,75,10.36,broken clouds,CA,2021-12-11 20:30:06
409,Kuala Terengganu,5.3302,103.1408,80.55,78,20,6.91,few clouds,MY,2021-12-11 20:30:06
410,Olinda,-8.0089,-34.8553,83.93,65,40,8.05,scattered clouds,BR,2021-12-11 20:30:06
411,Cuxhaven,53.8718,8.6909,38.97,86,100,9.91,overcast clouds,DE,2021-12-11 20:30:07
412,Deputatskiy,69.3,139.9,-25.56,100,99,1.83,overcast clouds,RU,2021-12-11 20:30:07
413,Nago,26.5881,127.9761,64.56,58,9,6.58,clear sky,JP,2021-12-11 20:30:07
414,Sliedrecht,51.8167,4.7667,43.05,93,100,5.01,overcast clouds,NL,2021-12-11 20:30:08
415,Bud,39.447,-86.1758,39.15,72,70,19.1,broken clouds,US,2021-12-11 20:30:08
416,Kathmandu,27.7167,85.3167,46.62,93,20,2.3,few clouds,NP,2021-12-11 20:29:08
417,Brandon,27.9378,-82.2859,86.32,70,1,1.01,haze,US,2021-12-11 20:26:35
418,Djambala,-2.5447,14.7533,69.46,92,100,2.08,overcast clouds,CG,2021-12-11 20:30:08
419,Comodoro Rivadavia,-45.8667,-67.5,58.86,72,75,29.93,light rain,AR,2021-12-11 20:30:08
420,Moron,-34.6534,-58.6198,89.02,45,65,1.99,broken clouds,AR,2021-12-11 20:30:09
421,Karratha,-20.7377,116.8463,90.66,25,45,17.92,scattered clouds,AU,2021-12-11 20:30:09
422,Saint-Francois,46.4154,3.9054,33.67,96,90,2.3,fog,FR,2021-12-11 20:30:09
423,Sayyan,15.1718,44.3244,43.81,54,0,4.81,clear sky,YE,2021-12-11 20:30:10
424,Pangody,65.85,74.4859,-11.22,98,36,8.25,scattered clouds,RU,2021-12-11 20:30:10
425,Erzin,36.9559,36.2,54.12,63,5,8.34,clear sky,TR,2021-12-11 20:30:10
426,Anloga,5.7947,0.8973,84.42,80,98,10.67,overcast clouds,GH,2021-12-11 20:30:11
427,Nanortalik,60.1432,-45.2371,27.19,80,100,24.94,overcast clouds,GL,2021-12-11 20:30:11
428,Cuenca,-2.8833,-78.9833,64.53,72,75,19.57,light rain,EC,2021-12-11 20:27:26
429,Hope,33.6671,-93.5916,50.23,39,100,8.7,overcast clouds,US,2021-12-11 20:30:11
430,Podor,16.6527,-14.9587,83.55,11,56,9.35,broken clouds,MR,2021-12-11 20:30:12
431,Thinadhoo,0.5333,72.9333,80.92,76,57,5.79,broken clouds,MV,2021-12-11 20:30:12
432,Paraiso,9.8383,-83.8656,76.96,60,12,3.85,few clouds,CR,2021-12-11 20:30:12
433,Shelburne,44.0787,-80.2041,57.09,82,100,30.13,overcast clouds,CA,2021-12-11 20:26:16
434,Zhezkazgan,47.8043,67.7144,30.22,94,100,3.94,overcast clouds,KZ,2021-12-11 20:30:13
435,Jaguey Grande,22.5269,-81.1286,84.85,40,1,7.65,clear sky,CU,2021-12-11 20:30:13
436,Novyy Urengoy,66.0833,76.6333,-11.83,98,56,9.28,broken clouds,RU,2021-12-11 20:30:13
437,Halifax,44.6453,-63.5724,48.25,97,100,7.0,light rain,CA,2021-12-11 20:25:55
438,Muros,42.7762,-9.0603,58.84,93,99,1.83,overcast clouds,ES,2021-12-11 20:30:14
439,Maragogi,-9.0122,-35.2225,80.51,72,16,10.85,few clouds,BR,2021-12-11 20:28:35
440,Dudinka,69.4058,86.1778,-33.36,95,97,4.14,overcast clouds,RU,2021-12-11 20:30:14
441,Onega,63.9061,38.1404,14.25,85,100,8.21,overcast clouds,RU,2021-12-11 20:30:14
442,Kalabo,-14.97,22.6814,76.19,48,97,5.68,overcast clouds,ZM,2021-12-11 20:30:15
443,San-Pedro,4.7485,-6.6363,80.22,82,20,8.1,few clouds,CI,2021-12-11 20:30:15
444,Hue,16.4667,107.6,69.91,100,75,4.61,mist,VN,2021-12-11 20:29:11
445,Viedma,-40.8135,-62.9967,78.42,48,96,6.4,overcast clouds,AR,2021-12-11 20:30:15
446,Paka,4.6374,103.4368,76.93,94,85,3.44,overcast clouds,MY,2021-12-11 20:30:16
447,Ginir,7.1333,40.7,55.51,39,1,5.32,clear sky,ET,2021-12-11 20:30:16
448,Saint-Leu,-21.15,55.2833,77.83,74,99,5.53,overcast clouds,RE,2021-12-11 20:30:16
449,Lapeer,43.0514,-83.3188,40.55,70,90,25.32,overcast clouds,US,2021-12-11 20:31:17
450,Evensk,61.95,159.2333,-9.51,70,26,10.25,scattered clouds,RU,2021-12-11 20:31:17
451,Cayenne,4.9333,-52.3333,78.84,89,0,5.99,moderate rain,GF,2021-12-11 20:28:25
452,Yarada,17.65,83.2667,77.32,83,40,3.44,mist,IN,2021-12-11 20:31:17
453,Chekhov,55.1431,37.4711,9.95,92,56,6.96,broken clouds,RU,2021-12-11 20:31:17
454,Raudeberg,61.9875,5.1352,38.95,75,100,4.0,overcast clouds,NO,2021-12-11 20:31:18
455,Lucapa,-8.4192,20.7447,66.11,95,100,1.81,overcast clouds,AO,2021-12-11 20:31:18
456,Chapais,49.7834,-74.8492,22.78,92,100,16.4,light snow,CA,2021-12-11 20:31:18
457,Kilmallock,52.4,-8.5772,52.75,94,100,1.99,overcast clouds,IE,2021-12-11 20:31:19
458,Anchorage,61.2181,-149.9003,12.52,63,90,4.61,overcast clouds,US,2021-12-11 20:31:19
459,Freeport,40.6576,-73.5832,66.22,86,90,13.0,fog,US,2021-12-11 20:31:19
460,Teknaf,20.8624,92.3058,68.2,54,0,9.24,clear sky,BD,2021-12-11 20:31:20
461,Dingle,10.9995,122.6711,75.24,94,40,8.16,scattered clouds,PH,2021-12-11 20:31:20
462,Gondanglegi,-7.7479,112.0132,74.97,91,97,6.13,overcast clouds,ID,2021-12-11 20:31:20
463,Shieli,44.1667,66.75,41.95,81,92,8.37,moderate rain,KZ,2021-12-11 20:31:21
464,Borogontsy,62.6683,131.1683,-22.0,100,98,2.57,overcast clouds,RU,2021-12-11 20:31:21
465,Ocos,14.5094,-92.1933,95.5,69,1,9.22,clear sky,GT,2021-12-11 20:31:21
466,Tiarei,-17.5333,-149.3333,86.02,75,73,8.7,light rain,PF,2021-12-11 20:31:22
467,Fortuna,40.5982,-124.1573,48.92,75,90,3.0,light rain,US,2021-12-11 20:31:22
468,Hohhot,40.8106,111.6522,12.49,44,0,11.18,clear sky,CN,2021-12-11 20:31:22
469,Balad,34.0164,44.1453,54.59,42,3,9.06,clear sky,IQ,2021-12-11 20:31:22
470,Pak Thong Chai,14.7226,102.0251,62.6,80,9,3.38,clear sky,TH,2021-12-11 20:31:23
471,Saint-Pierre,-21.3393,55.4781,78.44,79,0,4.61,clear sky,RE,2021-12-11 20:31:23
472,Acarau,-2.8856,-40.12,81.61,74,2,17.4,clear sky,BR,2021-12-11 20:31:23
473,Livingston,55.9029,-3.5226,50.36,89,90,10.36,overcast clouds,GB,2021-12-11 20:30:38
474,Naron,43.5167,-8.1528,57.04,87,100,4.21,overcast clouds,ES,2021-12-11 20:27:18
475,Reutlingen,48.4914,9.2043,37.65,84,99,1.01,overcast clouds,DE,2021-12-11 20:31:24
476,Tuensang,26.2833,94.8333,50.9,95,1,2.77,clear sky,IN,2021-12-11 20:31:24
477,Yichun,47.7,128.9,16.39,95,100,3.53,snow,CN,2021-12-11 20:31:24
478,Pomerode,-26.7406,-49.1769,84.52,72,99,2.62,overcast clouds,BR,2021-12-11 20:27:03
479,San Lorenzo,-25.3333,-57.5333,90.54,46,75,8.05,broken clouds,PY,2021-12-11 20:31:25
480,Tabuk,17.4189,121.4443,71.38,93,99,4.03,overcast clouds,PH,2021-12-11 20:31:25
481,Aksarayskiy,46.7924,48.0119,28.35,72,0,7.36,clear sky,RU,2021-12-11 20:31:25
482,Urengoy,65.9667,78.3667,-12.37,98,49,9.48,scattered clouds,RU,2021-12-11 20:31:26
483,Monte Alegre,-2.0078,-54.0692,84.43,68,98,4.12,overcast clouds,BR,2021-12-11 20:31:26
484,Sao Jose Da Coroa Grande,-8.8978,-35.1478,79.38,75,17,10.49,few clouds,BR,2021-12-11 20:31:26
485,Atbasar,51.8,68.3333,13.44,85,100,13.18,overcast clouds,KZ,2021-12-11 20:31:27
486,Mayo,38.8876,-76.5119,71.58,81,90,5.01,overcast clouds,US,2021-12-11 20:31:27
487,Severo-Yeniseyskiy,60.3725,93.0408,7.52,93,100,7.29,overcast clouds,RU,2021-12-11 20:31:27
488,Kangaatsiaq,68.3065,-53.4641,22.89,81,100,3.33,overcast clouds,GL,2021-12-11 20:31:27
489,Broome,42.2506,-75.833,58.48,78,90,1.99,overcast clouds,US,2021-12-11 20:31:28
490,El Jicaro,14.9167,-89.9,94.53,33,0,2.64,clear sky,GT,2021-12-11 20:31:28
491,Alice Springs,-23.7,133.8833,60.35,55,0,0.0,clear sky,AU,2021-12-11 20:31:17
492,Palora,-1.7,-77.9333,80.58,92,100,1.39,moderate rain,EC,2021-12-11 20:31:28
493,Nazira,26.9167,94.7333,58.98,92,0,1.99,clear sky,IN,2021-12-11 20:31:29
494,Abu Samrah,35.3029,37.1841,54.07,55,0,7.83,clear sky,SY,2021-12-11 20:31:29
495,Nanning,22.8167,108.3167,63.05,66,100,1.5,overcast clouds,CN,2021-12-11 20:31:29
496,Iranshahr,27.2025,60.6848,55.74,26,0,4.61,clear sky,IR,2021-12-11 20:31:30
497,Goundam,16.4145,-3.6708,75.25,8,33,8.68,scattered clouds,ML,2021-12-11 20:32:30
498,Bandarbeyla,9.4942,50.8122,77.0,80,36,22.48,light rain,SO,2021-12-11 20:32:30
499,Mount Gambier,-37.8333,140.7667,51.71,87,14,8.05,few clouds,AU,2021-12-11 20:31:40
500,Zvishavane,-20.3267,30.0665,77.29,31,50,3.62,scattered clouds,ZW,2021-12-11 20:32:31
501,Linqiong,30.4159,103.4609,46.22,82,100,3.42,overcast clouds,CN,2021-12-11 20:32:31
502,Makat,47.6469,53.3463,29.3,63,1,13.0,clear sky,KZ,2021-12-11 20:32:31
503,Kayseri,38.737,35.4968,32.02,93,39,0.0,mist,TR,2021-12-11 20:32:32
504,Nisia Floresta,-6.0911,-35.2086,83.21,71,9,10.2,clear sky,BR,2021-12-11 20:32:32
505,Gribanovskiy,51.4579,41.9764,24.66,73,62,7.14,broken clouds,RU,2021-12-11 20:32:32
506,Conceicao Da Barra,-18.5933,-39.7322,75.74,81,3,6.35,clear sky,BR,2021-12-11 20:32:33
507,Thaba-Tseka,-29.522,28.6084,54.77,82,100,6.26,light rain,LS,2021-12-11 20:32:33
508,Reconquista,-29.15,-59.65,91.89,30,36,5.37,scattered clouds,AR,2021-12-11 20:30:11
509,Luderitz,-26.6481,15.1594,61.03,84,0,12.33,clear sky,NA,2021-12-11 20:32:33
510,Tutoia,-2.7619,-42.2744,87.78,80,8,14.76,clear sky,BR,2021-12-11 20:32:33
511,Kiruna,67.8557,20.2251,11.32,92,90,0.0,light snow,SE,2021-12-11 20:30:36
512,Korla,41.7597,86.1469,20.95,75,6,2.59,clear sky,CN,2021-12-11 20:32:34
513,Liliani,32.2065,72.9537,56.03,19,100,3.31,overcast clouds,PK,2021-12-11 20:32:34
514,Terrace,54.5163,-128.6035,34.43,93,75,18.41,light shower snow,CA,2021-12-11 20:32:34
515,Tura,25.5198,90.2201,55.42,56,0,3.89,clear sky,IN,2021-12-11 20:32:35
516,Chicama,-7.8447,-79.1469,64.94,65,47,10.47,scattered clouds,PE,2021-12-11 20:32:35
517,Bonavista,48.6499,-53.1147,32.11,85,79,13.89,broken clouds,CA,2021-12-11 20:32:35
518,Berbera,10.4396,45.0143,76.77,74,5,8.34,clear sky,SO,2021-12-11 20:32:35
519,Arona,28.0996,-16.681,61.11,64,20,1.99,few clouds,ES,2021-12-11 20:32:36
520,Ola,59.5833,151.2833,12.72,83,100,11.97,overcast clouds,RU,2021-12-11 20:32:36
521,Massaguet,12.4755,15.4365,77.04,15,3,9.86,clear sky,TD,2021-12-11 20:32:36
522,Marulanda,5.2839,-75.2602,57.29,95,100,1.28,overcast clouds,CO,2021-12-11 20:32:37
523,Santa Rita,-7.1139,-34.9781,84.87,65,20,11.5,few clouds,BR,2021-12-11 20:32:37
524,Lodingen,68.414,15.9951,32.34,79,100,15.01,light snow,NO,2021-12-11 20:32:37
525,Kapoeta,4.7717,33.5903,81.97,23,3,11.56,clear sky,SS,2021-12-11 20:32:38
526,Takoradi,4.8845,-1.7554,80.74,83,42,8.14,scattered clouds,GH,2021-12-11 20:32:38
527,Aksarka,66.5606,67.7975,-4.49,99,96,4.12,overcast clouds,RU,2021-12-11 20:32:38
528,Mantua,45.1667,10.7833,40.44,88,0,4.0,clear sky,IT,2021-12-11 20:32:39
529,Portland,45.5234,-122.6762,49.08,93,90,3.0,moderate rain,US,2021-12-11 20:32:39
530,Lanxi,29.2195,119.477,54.3,76,95,2.98,overcast clouds,CN,2021-12-11 20:32:39
531,Tonj,7.2737,28.6822,82.08,32,81,4.45,broken clouds,SS,2021-12-11 20:32:40
532,Aspindza,41.5739,43.2483,33.31,54,67,6.11,broken clouds,GE,2021-12-11 20:32:40
533,Martapura,-3.4167,114.85,77.09,94,90,3.44,overcast clouds,ID,2021-12-11 20:32:40
534,Hambantota,6.1241,81.1185,79.02,75,83,15.59,broken clouds,LK,2021-12-11 20:32:41
535,Mansa,29.9833,75.3833,56.75,25,100,2.21,overcast clouds,IN,2021-12-11 20:32:41
536,Estelle,29.8458,-90.1067,71.06,68,75,12.66,broken clouds,US,2021-12-11 20:32:41
537,Acapulco,16.8634,-99.8901,87.62,66,20,9.22,few clouds,MX,2021-12-11 20:32:42
538,Kalmunai,7.4167,81.8167,79.48,79,24,8.57,few clouds,LK,2021-12-11 20:32:42
539,Mackenzie,55.2999,-123.1698,23.22,86,90,6.91,overcast clouds,CA,2021-12-11 20:32:42
540,Areia Branca,-4.9561,-37.1369,88.0,75,3,21.52,clear sky,BR,2021-12-11 20:30:15
541,San Rafael,-34.6177,-68.3301,88.93,25,16,16.28,few clouds,AR,2021-12-11 20:29:39
542,Mumford,5.2618,-0.759,81.01,83,74,7.99,broken clouds,GH,2021-12-11 20:32:43
543,Aguimes,27.9054,-15.4461,63.23,59,75,17.27,broken clouds,ES,2021-12-11 20:32:43
544,Noyabrsk,63.1994,75.4507,0.79,93,100,17.49,overcast clouds,RU,2021-12-11 20:33:43
545,Zhongxing,33.7039,118.6792,47.08,76,100,4.34,overcast clouds,CN,2021-12-11 20:33:44
546,Haines Junction,60.7522,-137.5108,10.35,56,100,9.22,overcast clouds,CA,2021-12-11 20:33:44
547,Golden,39.7555,-105.2211,52.09,25,40,3.0,scattered clouds,US,2021-12-11 20:33:44
548,Jacksonville,30.3322,-81.6556,85.08,61,75,4.0,broken clouds,US,2021-12-11 20:33:24
549,Qaracala,39.8132,48.9523,51.35,76,89,9.44,overcast clouds,AZ,2021-12-11 20:33:45
550,Zarand,30.8127,56.564,45.73,35,0,1.61,clear sky,IR,2021-12-11 20:33:45
551,Keelung,25.1283,121.7419,71.06,77,75,8.03,broken clouds,TW,2021-12-11 20:33:45
552,Bumba,2.1833,22.4667,76.71,68,52,1.45,broken clouds,CD,2021-12-11 20:33:46
553,Bemidji,47.4736,-94.8803,31.91,56,1,9.22,light snow,US,2021-12-11 20:30:10
554,Mitsamiouli,-11.3847,43.2844,79.88,79,100,10.65,overcast clouds,KM,2021-12-11 20:33:46
555,Saint Anthony,45.0205,-93.218,32.95,66,1,1.99,light snow,US,2021-12-11 20:33:46
556,Zhigansk,66.7697,123.3711,-8.91,97,100,9.13,overcast clouds,RU,2021-12-11 20:33:46
557,Tarko-Sale,64.9225,77.785,-8.36,97,81,12.95,broken clouds,RU,2021-12-11 20:33:47
558,Kununurra,-15.7667,128.7333,80.58,83,95,0.0,overcast clouds,AU,2021-12-11 20:33:47
559,Ust-Tsilma,65.441,52.1498,18.03,79,100,9.37,overcast clouds,RU,2021-12-11 20:33:47
560,Baruun-Urt,46.6806,113.2792,3.36,72,0,10.58,clear sky,MN,2021-12-11 20:33:48
561,Namatanai,-3.6667,152.4333,81.36,83,98,10.36,moderate rain,PG,2021-12-11 20:33:48
562,San Diego,32.7153,-117.1573,71.24,36,1,8.05,clear sky,US,2021-12-11 20:30:02
563,Bonthe,7.5264,-12.505,81.39,77,95,6.93,overcast clouds,SL,2021-12-11 20:33:48
564,Sabang,5.8933,95.3214,82.04,74,30,21.03,scattered clouds,ID,2021-12-11 20:33:49
565,Monroe,43.1501,-77.6831,65.48,75,90,17.27,moderate rain,US,2021-12-11 20:33:49
566,Mastic Beach,40.7668,-72.8521,58.53,97,90,5.99,fog,US,2021-12-11 20:33:49
567,Tongren,27.7172,109.1853,47.53,90,100,5.84,overcast clouds,CN,2021-12-11 20:33:50
568,Matagami,49.7502,-77.6328,23.11,93,90,5.75,heavy snow,CA,2021-12-11 20:32:33
569,Torres,-29.3353,-49.7269,71.83,72,29,5.1,scattered clouds,BR,2021-12-11 20:33:50
570,Ushtobe,45.2514,77.9838,30.04,45,100,6.08,overcast clouds,KZ,2021-12-11 20:33:50
571,Sao Miguel Do Araguaia,-13.275,-50.1628,81.7,77,100,4.54,overcast clouds,BR,2021-12-11 20:29:52
572,Guaruja,-23.9931,-46.2564,96.4,74,100,10.29,overcast clouds,BR,2021-12-11 20:33:51
573,Nizhniy Tsasuchey,50.5167,115.1333,0.97,83,7,7.23,clear sky,RU,2021-12-11 20:33:51
574,Orlik,52.5178,99.825,-7.92,94,85,2.73,overcast clouds,RU,2021-12-11 20:33:51
575,Terni,42.6833,12.3167,40.82,75,59,21.9,broken clouds,IT,2021-12-11 20:33:52
576,Tagbac,7.089,125.1567,71.92,93,27,2.71,scattered clouds,PH,2021-12-11 20:33:52
577,Sarkand,45.41,79.9186,26.44,57,78,8.66,broken clouds,KZ,2021-12-11 20:33:52
578,Kaili,-3.4626,120.2147,67.46,94,100,2.17,moderate rain,ID,2021-12-11 20:33:53
579,Jertih,5.7336,102.4897,75.07,89,81,3.04,broken clouds,MY,2021-12-11 20:33:53
580,Nouakchott,18.0858,-15.9785,80.53,28,100,11.5,overcast clouds,MR,2021-12-11 20:33:53
581,Juneau,58.3019,-134.4197,30.22,98,75,0.0,fog,US,2021-12-11 20:33:54
582,Prado,-17.3411,-39.2208,76.39,87,9,7.36,clear sky,BR,2021-12-11 20:33:54
583,Sao Joao Da Barra,-21.6403,-41.0511,84.29,87,0,17.56,clear sky,BR,2021-12-11 20:33:54
584,Suntar,62.1444,117.6319,-29.88,98,22,3.98,few clouds,RU,2021-12-11 20:33:54
585,Ati,13.2154,18.3353,78.28,16,4,10.31,clear sky,TD,2021-12-11 20:33:55
586,Isiolo,0.3546,37.5822,65.86,65,7,6.26,clear sky,KE,2021-12-11 20:33:55
587,Ust-Maya,60.4167,134.5333,-33.75,100,99,0.45,overcast clouds,RU,2021-12-11 20:33:55
588,Porto Novo,6.4965,2.6036,84.02,78,76,7.11,broken clouds,BJ,2021-12-11 20:33:56
589,Becej,45.6163,20.0333,38.25,85,100,16.55,light rain,RS,2021-12-11 20:34:56
590,Bismarck,46.8083,-100.7837,41.2,56,1,10.36,clear sky,US,2021-12-11 20:34:56
591,Axim,4.8699,-2.2405,80.06,84,50,8.3,scattered clouds,GH,2021-12-11 20:34:57
592,Gorom-Gorom,14.4439,-0.2361,78.82,14,10,8.57,clear sky,BF,2021-12-11 20:34:57
593,Fortuna Foothills,32.6578,-114.4119,64.22,22,1,3.0,clear sky,US,2021-12-11 20:34:57
594,Daru,-9.0763,143.2092,77.13,90,98,7.54,overcast clouds,PG,2021-12-11 20:34:58
595,Mahon,39.8885,4.2658,52.36,62,20,11.5,few clouds,ES,2021-12-11 20:34:58
596,Kargasok,59.0556,80.8572,0.32,97,97,8.28,overcast clouds,RU,2021-12-11 20:34:58
597,Belvidere,42.2639,-88.8443,40.77,61,93,18.54,overcast clouds,US,2021-12-11 20:34:56
598,Nishihara,26.1842,127.7558,66.25,70,20,3.44,few clouds,JP,2021-12-11 20:34:58
599,Fartura,-23.3883,-49.51,85.23,36,98,0.87,overcast clouds,BR,2021-12-11 20:34:59
600,Jumla,29.2747,82.1838,35.28,35,9,5.12,clear sky,NP,2021-12-11 20:34:59
601,Beidao,34.5686,105.8933,30.18,77,47,1.3,scattered clouds,CN,2021-12-11 20:34:59
602,Belyy Yar,53.6039,91.3903,10.29,92,99,2.24,smoke,RU,2021-12-11 20:35:00
603,Whitehorse,60.7161,-135.0538,9.37,78,90,11.99,light snow,CA,2021-12-11 20:35:00
604,Bambanglipuro,-7.95,110.2833,76.05,90,100,4.41,overcast clouds,ID,2021-12-11 20:35:00
605,Isangel,-19.55,169.2667,84.31,84,75,4.61,broken clouds,VU,2021-12-11 20:35:01
606,Gubkinskiy,64.434,76.5026,-7.78,96,89,14.0,overcast clouds,RU,2021-12-11 20:35:01
607,Roebourne,-20.7833,117.1333,90.23,25,9,15.37,clear sky,AU,2021-12-11 20:35:01
608,Ipixuna,-1.7625,-48.8043,84.15,92,82,2.8,moderate rain,BR,2021-12-11 20:35:02
609,Arman,59.7,150.1667,10.78,85,100,7.87,overcast clouds,RU,2021-12-11 20:35:02
610,Araceli,10.5529,119.9913,81.39,85,98,21.32,overcast clouds,PH,2021-12-11 20:35:02
611,Palmer,42.1584,-72.3287,58.89,85,100,8.01,overcast clouds,US,2021-12-11 20:35:02
612,Yerofey Pavlovich,53.9667,121.9667,-2.69,92,100,3.36,overcast clouds,RU,2021-12-11 20:35:03
613,Kudahuvadhoo,2.6708,72.8944,80.47,79,78,15.19,broken clouds,MV,2021-12-11 20:35:03
614,Mao,39.8885,4.2658,52.36,62,20,11.5,few clouds,ES,2021-12-11 20:35:03
615,Oktyabrskiy,54.4815,53.471,12.22,92,5,4.9,clear sky,RU,2021-12-11 20:35:04
616,Miraflores,19.2167,-98.8083,74.16,21,60,3.56,broken clouds,MX,2021-12-11 20:35:04
617,Walvis Bay,-22.9575,14.5053,63.55,72,66,4.61,broken clouds,NA,2021-12-11 20:35:04
618,Asfi,32.2994,-9.2372,59.74,83,0,15.64,clear sky,MA,2021-12-11 20:35:05
619,Tupiza,-21.45,-65.7167,74.19,11,96,20.89,overcast clouds,BO,2021-12-11 20:35:05
620,Quatre Cocos,-20.2078,57.7625,79.09,74,78,16.02,broken clouds,MU,2021-12-11 20:35:05
621,Salamiyah,35.0113,37.0532,54.32,53,0,7.96,clear sky,SY,2021-12-11 20:35:05
622,Amahai,-3.3333,128.9167,78.96,82,100,4.68,overcast clouds,ID,2021-12-11 20:35:06
623,Gandajika,-6.75,23.95,69.35,94,82,2.04,broken clouds,CD,2021-12-11 20:35:06
624,Petauke,-14.2426,31.3253,72.91,43,16,5.03,few clouds,ZM,2021-12-11 20:35:06
625,Karpathos,35.507,27.2132,64.36,72,1,18.41,clear sky,GR,2021-12-11 20:35:07
626,Puerto Rondon,6.2805,-71.1,88.93,44,40,8.43,scattered clouds,CO,2021-12-11 20:35:07
627,Baghdad,33.3406,44.4009,46.31,57,0,6.91,clear sky,IQ,2021-12-11 20:30:11
628,Deming,32.2687,-107.7586,55.24,29,1,3.44,clear sky,US,2021-12-11 20:35:07
629,Shingu,33.7333,135.9833,50.61,79,27,5.84,scattered clouds,JP,2021-12-11 20:35:08
630,Atherton,53.5237,-2.4935,54.1,94,100,6.31,light rain,GB,2021-12-11 20:35:08
631,Aswan,24.0934,32.907,73.2,45,100,5.84,overcast clouds,EG,2021-12-11 20:35:08
632,Patur,20.45,76.9333,65.57,57,2,2.98,clear sky,IN,2021-12-11 20:35:09
633,Taltal,-25.4,-70.4833,65.88,67,7,7.18,clear sky,CL,2021-12-11 20:30:20
634,Bertoua,4.5833,13.6833,73.72,35,76,2.98,broken clouds,CM,2021-12-11 20:36:09
635,Shirokiy,49.758,129.523,11.25,96,100,6.44,light snow,RU,2021-12-11 20:36:10
636,Valenca,-13.3703,-39.0731,77.04,84,53,5.39,broken clouds,BR,2021-12-11 20:36:10
637,Bowen,-20.0167,148.2333,73.62,81,97,6.53,overcast clouds,AU,2021-12-11 20:36:10
638,Hovd,48.0056,91.6419,3.4,69,0,3.53,clear sky,MN,2021-12-11 20:36:11
639,Kapit,2.0167,112.9333,73.58,100,100,0.85,overcast clouds,MY,2021-12-11 20:36:11
640,Honningsvag,70.9821,25.9704,33.24,78,88,13.24,overcast clouds,NO,2021-12-11 20:36:11
641,Sombrio,-29.1139,-49.6167,71.94,74,45,5.57,scattered clouds,BR,2021-12-11 20:36:12
642,Antofagasta,-23.65,-70.4,67.28,65,3,8.57,clear sky,CL,2021-12-11 20:36:12
643,Kharp,66.8014,65.8081,10.11,89,100,7.72,overcast clouds,RU,2021-12-11 20:36:12
644,Kloulklubed,7.0419,134.2556,79.3,77,72,12.37,broken clouds,PW,2021-12-11 20:36:13
645,Saint-Michel-Des-Saints,46.6834,-73.9159,31.93,99,100,8.41,overcast clouds,CA,2021-12-11 20:36:13
646,Den Helder,52.9599,4.7593,46.98,83,90,11.99,overcast clouds,NL,2021-12-11 20:36:13
647,Aguia Branca,-18.9831,-40.7403,75.22,90,30,3.8,scattered clouds,BR,2021-12-11 20:36:14
648,Katherine,-14.4667,132.2667,79.12,78,11,1.14,few clouds,AU,2021-12-11 20:36:14
649,Yeppoon,-23.1333,150.7333,74.98,78,22,14.99,light rain,AU,2021-12-11 20:36:14
650,Trelew,-43.249,-65.3051,82.17,22,50,35.57,scattered clouds,AR,2021-12-11 20:36:14
651,Pizhma,57.8642,47.1171,-3.71,100,59,3.18,broken clouds,RU,2021-12-11 20:36:15
652,Qostanay,53.1667,63.5833,8.89,85,0,13.42,clear sky,KZ,2021-12-11 20:36:15
653,Chiniot,31.72,72.9789,57.87,16,100,3.89,overcast clouds,PK,2021-12-11 20:36:15
654,Qaqortoq,60.7167,-46.0333,23.5,86,100,1.86,overcast clouds,GL,2021-12-11 20:36:16
655,Laguna,38.421,-121.4238,58.64,58,1,1.01,clear sky,US,2021-12-11 20:36:16
656,Aljezur,37.3191,-8.8033,57.81,82,10,6.6,clear sky,PT,2021-12-11 20:36:16
657,San Carlos De Bariloche,-41.1456,-71.3082,49.75,71,75,23.02,broken clouds,AR,2021-12-11 20:36:17
658,Meadow Lake,34.8014,-106.5436,46.58,24,0,4.81,clear sky,US,2021-12-11 20:36:17
659,Mehran,33.1222,46.1646,54.88,41,0,7.18,clear sky,IR,2021-12-11 20:36:18
660,Kurchum,48.5722,83.6542,-5.85,83,11,2.57,few clouds,KZ,2021-12-11 20:36:18
661,Boyolangu,-8.1181,111.8935,75.78,88,98,4.43,overcast clouds,ID,2021-12-11 20:36:18
662,Mucurapo,10.6667,-61.5333,77.13,86,92,10.83,overcast clouds,TT,2021-12-11 20:36:19
663,Tammisaari,59.9736,23.4339,34.9,98,100,5.12,light snow,FI,2021-12-11 20:36:19
664,Pekan,3.4836,103.3996,75.31,90,91,8.03,overcast clouds,MY,2021-12-11 20:36:19
665,Ondangwa,-17.9167,15.95,75.67,59,26,15.99,scattered clouds,NA,2021-12-11 20:36:19
666,Ust-Kan,50.9276,84.761,4.23,78,67,4.79,broken clouds,RU,2021-12-11 20:36:20
667,Tofield,53.3668,-112.6686,34.03,84,5,11.9,clear sky,CA,2021-12-11 20:36:20
668,Diplo,24.4667,69.584,61.77,40,52,2.57,broken clouds,PK,2021-12-11 20:36:21
669,Beloha,-25.1667,45.05,77.97,70,77,5.7,broken clouds,MG,2021-12-11 20:36:21
670,Zhuanghe,39.7008,122.9911,27.68,40,28,14.97,scattered clouds,CN,2021-12-11 20:36:21
671,Sterling,39.0062,-77.4286,69.66,81,90,1.99,overcast clouds,US,2021-12-11 20:36:22
672,Gobabis,-22.45,18.9667,71.06,61,100,10.27,moderate rain,NA,2021-12-11 20:36:22
673,Innisfail,-17.5333,146.0333,80.74,80,59,2.44,broken clouds,AU,2021-12-11 20:36:22
674,Mahajanga,-15.7167,46.3167,82.42,74,20,2.3,light rain,MG,2021-12-11 20:36:23
675,Turayf,31.6725,38.6637,52.05,62,0,13.8,clear sky,SA,2021-12-11 20:36:23
676,Henties Bay,-22.116,14.2845,60.85,86,46,4.5,scattered clouds,NA,2021-12-11 20:36:24
677,Bathsheba,13.2167,-59.5167,81.21,74,40,18.41,scattered clouds,BB,2021-12-11 20:36:24
678,Tual,-5.6667,132.75,84.07,75,100,13.82,overcast clouds,ID,2021-12-11 20:36:24
679,Umm Lajj,25.0213,37.2685,75.9,52,100,2.28,overcast clouds,SA,2021-12-11 20:36:25
680,Garowe,8.4054,48.4845,71.87,70,18,14.61,few clouds,SO,2021-12-11 20:37:25
681,Soloneshnoye,51.6544,84.3197,14.4,81,99,5.79,overcast clouds,RU,2021-12-11 20:37:25
682,Gejiu,23.306,103.1635,46.99,95,96,3.94,overcast clouds,CN,2021-12-11 20:37:26
683,Marawi,7.9986,124.2928,66.65,94,77,1.9,broken clouds,PH,2021-12-11 20:37:26
684,Devils Lake,48.1128,-98.8651,27.95,74,1,11.99,clear sky,US,2021-12-11 20:37:26
685,Voh,-20.9667,164.7,83.89,69,99,4.65,overcast clouds,NC,2021-12-11 20:37:27
